month,region,agent_fte,open_vacancies,attrition_rate_12m,complaints_opened_per_agent,note
2024-10,Ashford,84,4,0.131,2.1,
2024-10,Barrowdale,66,3,0.144,2.4,
2024-10,Calderfield,73,4,0.117,2.2,
2024-10,Dunmoor,51,2,0.158,2.8,
2024-10,Eastmarch,62,3,0.13,2.1,
2024-10,Fenwick,44,2,0.122,3.3,
2024-11,Ashford,84,4,0.134,1.9,
2024-11,Barrowdale,66,5,0.139,2.0,
2024-11,Calderfield,73,3,0.154,1.6,
2024-11,Dunmoor,51,2,0.151,2.7,
2024-11,Eastmarch,62,2,0.174,2.3,
2024-11,Fenwick,44,1,0.147,3.2,
2024-12,Ashford,84,5,0.113,1.8,
2024-12,Barrowdale,66,4,0.157,2.5,
2024-12,Calderfield,73,4,0.165,2.2,
2024-12,Dunmoor,51,3,0.131,3.2,
2024-12,Eastmarch,62,3,0.147,2.5,
2024-12,Fenwick,44,2,0.142,3.6,
2025-01,Ashford,84,5,0.114,2.1,
2025-01,Barrowdale,66,3,0.136,2.3,
2025-01,Calderfield,73,4,0.159,2.3,
2025-01,Dunmoor,51,1,0.163,3.0,
2025-01,Eastmarch,62,5,0.102,2.9,
2025-01,Fenwick,44,2,0.123,3.6,
2025-02,Ashford,83,5,0.137,1.7,
2025-02,Barrowdale,66,3,0.145,2.4,
2025-02,Calderfield,73,3,0.121,1.7,
2025-02,Dunmoor,51,2,0.134,2.9,
2025-02,Eastmarch,62,3,0.13,2.5,
2025-02,Fenwick,44,0,0.144,2.8,
2025-03,Ashford,83,4,0.124,1.9,
2025-03,Barrowdale,66,5,0.126,2.3,
2025-03,Calderfield,72,3,0.174,2.1,
2025-03,Dunmoor,51,3,0.163,2.9,
2025-03,Eastmarch,62,5,0.146,2.3,
2025-03,Fenwick,44,2,0.126,3.5,
2025-04,Ashford,83,4,0.149,2.0,
2025-04,Barrowdale,65,3,0.128,2.7,
2025-04,Calderfield,72,4,0.161,2.0,
2025-04,Dunmoor,51,2,0.119,3.4,
2025-04,Eastmarch,61,2,0.116,3.2,
2025-04,Fenwick,44,2,0.133,3.9,
2025-05,Ashford,83,5,0.127,1.8,
2025-05,Barrowdale,65,4,0.165,2.5,
2025-05,Calderfield,72,4,0.098,2.2,
2025-05,Dunmoor,50,3,0.124,3.9,
2025-05,Eastmarch,61,4,0.128,2.7,
2025-05,Fenwick,44,1,0.174,3.8,
2025-06,Ashford,83,3,0.172,1.7,
2025-06,Barrowdale,65,2,0.112,2.7,
2025-06,Calderfield,72,6,0.131,2.1,
2025-06,Dunmoor,50,2,0.137,3.3,
2025-06,Eastmarch,61,3,0.136,2.6,
2025-06,Fenwick,43,3,0.124,4.5,
2025-07,Ashford,83,3,0.116,2.3,
2025-07,Barrowdale,65,5,0.167,3.3,
2025-07,Calderfield,72,4,0.183,2.7,
2025-07,Dunmoor,50,2,0.137,4.5,
2025-07,Eastmarch,61,3,0.143,3.2,
2025-07,Fenwick,43,2,0.137,4.6,
2025-08,Ashford,83,4,0.131,2.3,
2025-08,Barrowdale,65,3,0.113,2.8,
2025-08,Calderfield,72,4,0.121,2.4,
2025-08,Dunmoor,50,3,0.11,3.5,
2025-08,Eastmarch,61,3,0.158,2.6,
2025-08,Fenwick,43,2,0.152,3.5,
2025-09,Ashford,83,5,0.163,2.1,
2025-09,Barrowdale,65,4,0.115,2.6,
2025-09,Calderfield,72,2,0.162,2.4,
2025-09,Dunmoor,50,4,0.136,3.7,
2025-09,Eastmarch,61,2,0.113,2.8,
2025-09,Fenwick,43,1,0.15,3.6,
2025-10,Ashford,82,5,0.142,2.4,
2025-10,Barrowdale,65,5,0.118,2.8,
2025-10,Calderfield,72,5,0.136,2.9,
2025-10,Dunmoor,50,3,0.165,3.8,
2025-10,Eastmarch,61,3,0.129,3.2,
2025-10,Fenwick,43,2,0.122,4.9,
2025-11,Ashford,82,4,0.129,1.9,
2025-11,Barrowdale,65,3,0.116,2.5,
2025-11,Calderfield,72,3,0.118,2.1,
2025-11,Dunmoor,50,3,0.123,3.3,
2025-11,Eastmarch,61,0,0.156,2.6,
2025-11,Fenwick,43,3,0.099,3.5,
2025-12,Ashford,82,5,0.135,2.5,
2025-12,Barrowdale,65,4,0.089,2.8,
2025-12,Calderfield,71,4,0.117,2.6,
2025-12,Dunmoor,50,2,0.156,3.6,
2025-12,Eastmarch,61,3,0.142,2.8,
2025-12,Fenwick,43,2,0.153,4.5,
2026-01,Ashford,82,5,0.141,2.3,
2026-01,Barrowdale,65,4,0.145,2.8,
2026-01,Calderfield,63,4,0.287,3.3,Attrition rising; two team leads resigned
2026-01,Dunmoor,50,1,0.134,3.7,
2026-01,Eastmarch,61,3,0.112,3.5,
2026-01,Fenwick,43,2,0.102,4.5,
2026-02,Ashford,82,5,0.174,2.0,
2026-02,Barrowdale,64,3,0.154,2.7,
2026-02,Calderfield,63,3,0.3,2.6,Attrition rising; two team leads resigned
2026-02,Dunmoor,50,4,0.16,3.5,
2026-02,Eastmarch,61,2,0.137,2.8,
2026-02,Fenwick,43,1,0.166,3.7,
2026-03,Ashford,82,4,0.107,2.0,
2026-03,Barrowdale,64,3,0.144,3.0,
2026-03,Calderfield,38,32,0.397,5.2,Recruitment freeze; vacancies unfilled
2026-03,Dunmoor,50,4,0.121,3.8,
2026-03,Eastmarch,60,4,0.132,3.1,
2026-03,Fenwick,43,2,0.081,4.1,
2026-04,Ashford,82,3,0.139,2.6,
2026-04,Barrowdale,64,5,0.129,3.0,
2026-04,Calderfield,38,32,0.403,5.1,Recruitment freeze; vacancies unfilled
2026-04,Dunmoor,50,3,0.113,3.8,
2026-04,Eastmarch,60,2,0.156,3.3,
2026-04,Fenwick,43,2,0.125,4.5,
2026-05,Ashford,82,3,0.139,2.6,
2026-05,Barrowdale,64,4,0.155,3.1,
2026-05,Calderfield,38,32,0.46,4.8,Recruitment freeze; vacancies unfilled
2026-05,Dunmoor,50,0,0.149,4.3,
2026-05,Eastmarch,60,3,0.134,3.1,
2026-05,Fenwick,43,1,0.153,4.5,
2026-06,Ashford,81,4,0.144,2.5,
2026-06,Barrowdale,64,4,0.131,3.5,
2026-06,Calderfield,38,32,0.454,4.8,Recruitment freeze; vacancies unfilled
2026-06,Dunmoor,49,2,0.161,3.6,
2026-06,Eastmarch,60,4,0.14,3.5,
2026-06,Fenwick,43,5,0.152,5.0,
2026-07,Ashford,81,4,0.114,2.8,
2026-07,Barrowdale,64,4,0.141,3.7,
2026-07,Calderfield,37,32,0.418,6.2,Recruitment freeze; vacancies unfilled
2026-07,Dunmoor,49,2,0.163,4.0,
2026-07,Eastmarch,60,5,0.147,4.0,
2026-07,Fenwick,43,2,0.184,5.1,
2026-08,Ashford,81,4,0.143,2.8,
2026-08,Barrowdale,64,1,0.178,3.2,
2026-08,Calderfield,37,32,0.409,5.1,Recruitment freeze; vacancies unfilled
2026-08,Dunmoor,49,2,0.143,3.8,
2026-08,Eastmarch,60,3,0.161,3.3,
2026-08,Fenwick,43,3,0.12,4.3,
2026-09,Ashford,81,4,0.151,2.3,
2026-09,Barrowdale,64,3,0.166,2.9,
2026-09,Calderfield,37,32,0.409,5.5,Recruitment freeze; vacancies unfilled
2026-09,Dunmoor,49,3,0.104,3.8,
2026-09,Eastmarch,60,2,0.153,3.4,
2026-09,Fenwick,42,2,0.127,4.0,
